[
  {
    "nume": "Deschiderea Craiova Hackathon 2025",
    "ora": "2025-10-20T09:00:00",
    "durata": 60
  },
  {
    "nume": "Inregistrare si primirea badge-urilor",
    "ora": "2025-10-20T10:00:00",
    "durata": 60
  },
  {
    "nume": "Workshop Securitate Cibernetica (pentru participantii inscrisi)",
    "ora": "2025-10-20T12:00:00",
    "durata": 90
  },
  {
    "nume": "Pauza de masa",
    "ora": "2025-10-20T13:30:00",
    "durata": 60
  },
  {
    "nume": "Cunoaste mentorii & formarea echipei & alegerea temei",
    "ora": "2025-10-20T14:30:00",
    "durata": 120
  },
  {
    "nume": "Sesiune hacking 1 (lucru pe tema)",
    "ora": "2025-10-20T16:30:00",
    "durata": 180
  },
  {
    "nume": "Pauza de masa",
    "ora": "2025-10-20T19:30:00",
    "durata": 60
  },
  {
    "nume": "Consultare cu mentorii pentru ajustarile finale ale ideilor",
    "ora": "2025-10-20T20:30:00",
    "durata": 60
  },
  {
    "nume": "Coffee time",
    "ora": "2025-10-21T09:00:00",
    "durata": 60
  },
  {
    "nume": "Sesiune hacking 2 (lucru pe tema)",
    "ora": "2025-10-21T10:00:00",
    "durata": 210
  },
  {
    "nume": "Pauza de masa",
    "ora": "2025-10-21T13:30:00",
    "durata": 60
  },
  {
    "nume": "Workshop AI Agents",
    "ora": "2025-10-21T14:30:00",
    "durata": 120
  },
  {
    "nume": "Checkpoint intermediar ziua 2",
    "ora": "2025-10-21T16:30:00",
    "durata": 30
  },
  {
    "nume": "Sesiune hacking 3 (lucru pe tema)",
    "ora": "2025-10-21T17:00:00",
    "durata": 150
  },
  {
    "nume": "Pauza de masa",
    "ora": "2025-10-21T19:30:00",
    "durata": 60
  },
  {
    "nume": "Wrap-up Ziua 2",
    "ora": "2025-10-21T20:30:00",
    "durata": 60
  },
  {
    "nume": "Coffee time",
    "ora": "2025-10-22T09:00:00",
    "durata": 30
  },
  {
    "nume": "Sesiune finala de hacking & Pregatirea prezentarilor",
    "ora": "2025-10-22T09:30:00",
    "durata": 90
  },
  {
    "nume": "Pitch training (optional)",
    "ora": "2025-10-22T11:00:00",
    "durata": 60
  },
  {
    "nume": "Pauza de masa",
    "ora": "2025-10-22T12:00:00",
    "durata": 60
  },
  {
    "nume": "Prezentarile finale in fata juriului",
    "ora": "2025-10-22T13:00:00",
    "durata": 180
  },
  {
    "nume": "Jurizare",
    "ora": "2025-10-22T16:00:00",
    "durata": 60
  },
  {
    "nume": "Festivitate de premiere",
    "ora": "2025-10-22T17:00:00",
    "durata": 90
  },
  {
    "nume": "Wrap-up Craiova Hackathon 2025 & Networking final",
    "ora": "2025-10-22T18:30:00",
    "durata": 60
  }
]
